subject,k,fold,train,test
10,2,0,0.5955056179775281,0.391304347826087
10,2,1,0.5730337078651685,0.391304347826087
10,2,2,0.6067415730337079,0.391304347826087
10,2,3,0.5955056179775281,0.391304347826087
10,2,4,0.6404494382022472,0.391304347826087
10,2,5,0.5617977528089888,0.391304347826087
10,2,6,0.6179775280898876,0.391304347826087
10,2,7,0.5617977528089888,0.391304347826087
10,2,8,0.5842696629213483,0.391304347826087
10,2,9,0.5955056179775281,0.391304347826087
