subject,k,fold,train,test
2,2,0,0.5730337078651685,0.6086956521739131
2,2,1,0.5617977528089888,0.5217391304347826
2,2,2,0.5955056179775281,0.5217391304347826
2,6,0,0.5617977528089888,0.43478260869565216
2,6,1,0.5056179775280899,0.7391304347826086
2,6,2,0.6179775280898876,0.4782608695652174
