subject,k,train,val,test
allsubj,2,0.5494417862838915,0.46368715083798884,0.45403899721448465
