subject,k,train,val,test
allsubj,2,0.6052631578947368,0.4972067039106145,0.5153203342618384
allsubj,3,0.9808612440191388,0.5027932960893855,0.5097493036211699
