subject,k,train,val,test
allsubj,2,0.6052631578947368,0.4972067039106145,0.5153203342618384
allsubj,3,0.9808612440191388,0.5027932960893855,0.5097493036211699
allsubj,4,0.9800637958532695,0.5363128491620112,0.5181058495821727
allsubj,5,0.9896331738437002,0.5363128491620112,0.5264623955431755
allsubj,6,0.9960127591706539,0.4748603351955307,0.5097493036211699
allsubj,7,0.9960127591706539,0.5027932960893855,0.467966573816156
allsubj,8,0.9952153110047847,0.5307262569832403,0.4818941504178273
allsubj,9,0.9960127591706539,0.49162011173184356,0.49303621169916434
